extract audio,100
extract audio from video,98
how to extract audio from video,15
iphone extract audio from video,14
extract audio from video free,12
extract sound from video,8
extract audio from video app,5
extract audio from video on iphone,4
app to extract audio from video,3
audio extractor from video,3
audio extractor,3
how to extract audio from video on iphone,3

how to extract audio from video on iphone,Breakout
video to mp3 converter,Breakout
extract sound from video,+300%
extract audio from video on iphone,+250%
iphone extract audio from video,+160%
extract audio from video free,+100%
video to mp3,+70%

